Brown Brothers Harriman & Co.,,,,,
End User Configuration Form,,,,,Card Details
Config Name,CBB3,,,,Card Type
Config ID,15,,,,Bitstream
STEP 1: Hardware,,,,,Facility Code
Wiegand/OSDP,ET10,ET20,ET25,,Starting Badge
-2WS,No,No,No,,Notes
-3WS,No,No,No,,"Prox filter for W37-1 BID >= 175,000

Starting BID 175,000"
-6WS,No,No,No,,
-7WS,Yes,Yes,Yes,,
,,,,,
F2F,ET10,ET20,ET25,,Part Numbers
-7FM,No,No,No,,
,,,,,
MCLP,ET10,ET20,ET25,,
-7FM,No,No,No,,Notes/Other Products
,,,,,Like CBB2 but adds Wallet & Prox-Filter
STEP 2: Custom Keyset,,,,,
Custom Keyset (LEAF Cc),,Enabled,,,
Keyset ID (LkXXXXX),,Lk10008,,,
LEAF Customer Code (Decimal),,6,,,
STEP 3: AV + Output Formats,,,,,
Wiegand/OSDP,,,,,
Idle LED,,Red,,,
Credential Report LED,,Green,,,
Beeper,,On,,,
Keypad Format,,8-bit,,,
Tamper Monitoring,,On,,,
F2F,,,,,
Casi Output Format,,CASI-4002,,,
Supervision State,,2-State,,,
Tamper Monitoring,,On,,,
STEP 4: High Frequency (HF),,,,,
Leaf Si Application (Kv1),,Leaf Si,,,
Leaf Cc Application (Kc1),,Leaf Cc,,,
Other Custom HF Application,,None,,,
"Custom
Application
Notes",Lk10008,,,,
,,,,,
,,,,,
STEP 5: Card Serial Number (CSN),,,,,
MFC CSN,,Off,CSN_32_BIT_LSB_XOR,,
EV1/EV2 CSN,,Off,CSN_32_BIT_LSB_XOR,,
iClass CSN,,Off,CSN_32_BIT_LSB_XOR,,
ISO15693 CSN,,Off,CSN_32_BIT_LSB_XOR,,
ISO14443A CSN,,Off,,,
STEP 6: Low Frequency (LF),,,,,
FSK Prox,,On,,,
ASK Prox,,On,,,
Prox Filter,,,,,
Prox Filter,,On,,,
"Prox
Filter
Description","Filter W37-1 with BID greater than or equal to 175,000",,,,
,,,,,
,,,,,
STEP 7: Mobile,,,,,
BLE Advertising Config,,Unique (Differs),,,
BLE Functionality,,Admin Only,,,
NFC Functionality,,Enabled,,,
Mobile Keyset,,Custom,,,
"Legacy Credentials (Sym Blue, Brivo)",,Off,,,
Transport Mode,,Off,,,
ECP DESFire,,Enabled,,,
ECP TCI,,020909,,,
Apple Meridian Bit Count,,40,,,
MiFare2Go,,Enabled,,,
MiFare2Go DFNAME,,A00000039656434103F532F000020909,,,
Mobile Notes,,,,,
STEP 8: Part Numbers,,,,,
"Assigned 
Part Numbers",ETxx-7WS-CBB3-Lk10008,,,,